wavelength,total_nadir,ps1_nadir,ps2_nadir,total_vza-60,total_vza-55,total_vza-50,total_vza-45,total_vza-40,total_vza-35,total_vza-30,total_vza-25,total_vza-20,total_vza-15,total_vza-10,total_vza-5,total_vza0,total_vza5,total_vza10,total_vza15,total_vza20,total_vza25,total_vza30,total_vza35,total_vza40,total_vza45,total_vza50,total_vza55,total_vza60
640.00000000,0.00000000,0.00000000,0.00000000,0.00000000,0.00000000,0.00000000,0.00000000,0.00000000,0.00000000,0.00000000,0.00000000,0.00000000,0.00000000,0.00000000,0.00000000,0.00000000,0.00000000,0.00000000,0.00000000,0.00000000,0.00000000,0.00000000,0.00000000,0.00000000,0.00000000,0.00000000,0.00000000,0.00000000
641.00000000,0.00001980,0.00000000,0.00001980,0.00003420,0.00003226,0.00003044,0.00002878,0.00002740,0.00002633,0.00002579,0.00002640,0.00003805,0.00002437,0.00002196,0.00002066,0.00001980,0.00001917,0.00001872,0.00001842,0.00001826,0.00001822,0.00001830,0.00001850,0.00001886,0.00001937,0.00002002,0.00002079,0.00002177
642.00000000,0.00011784,0.00000000,0.00011784,0.00020357,0.00019205,0.00018120,0.00017136,0.00016313,0.00015676,0.00015353,0.00015719,0.00022666,0.00014511,0.00013073,0.00012301,0.00011784,0.00011411,0.00011144,0.00010960,0.00010864,0.00010839,0.00010886,0.00011002,0.00011217,0.00011519,0.00011899,0.00012354,0.00012931
643.00000000,0.00035050,0.00000000,0.00035050,0.00060546,0.00057124,0.00053900,0.00050976,0.00048527,0.00046634,0.00045674,0.00046766,0.00067455,0.00043169,0.00038888,0.00036589,0.00035050,0.00033937,0.00033140,0.00032590,0.00032303,0.00032223,0.00032358,0.00032697,0.00033329,0.00034215,0.00035332,0.00036668,0.00038365
644.00000000,0.00113893,0.00000000,0.00113893,0.00196733,0.00185628,0.00175162,0.00165665,0.00157709,0.00151562,0.00148444,0.00152004,0.00219321,0.00140305,0.00126381,0.00118900,0.00113893,0.00110268,0.00107670,0.00105873,0.00104930,0.00104657,0.00105077,0.00106157,0.00108183,0.00111027,0.00114613,0.00118900,0.00124346
645.00000000,0.00233422,0.00000000,0.00233422,0.00403190,0.00380463,0.00359032,0.00339578,0.00323277,0.00310683,0.00304299,0.00311615,0.00449767,0.00287621,0.00259050,0.00243701,0.00233422,0.00225978,0.00220637,0.00216936,0.00214979,0.00214391,0.00215215,0.00217383,0.00221478,0.00227234,0.00234492,0.00243163,0.00254178
646.00000000,0.00396474,0.00000000,0.00396474,0.00684803,0.00646257,0.00609889,0.00576863,0.00549183,0.00527800,0.00516966,0.00529425,0.00764382,0.00488643,0.00440061,0.00413959,0.00396474,0.00383805,0.00374706,0.00368388,0.00365026,0.00363979,0.00365317,0.00368924,0.00375784,0.00385438,0.00397611,0.00412146,0.00430611
647.00000000,0.00598357,0.00000000,0.00598357,0.01033456,0.00975365,0.00920526,0.00870712,0.00828950,0.00796689,0.00780352,0.00799201,0.01154227,0.00737614,0.00664217,0.00624781,0.00598357,0.00579200,0.00565429,0.00555848,0.00550718,0.00549067,0.00550999,0.00556332,0.00566544,0.00580935,0.00599080,0.00620733,0.00648242
648.00000000,0.00842440,0.00000000,0.00842440,0.01454955,0.01373278,0.01296135,0.01226039,0.01167259,0.01121851,0.01098869,0.01125469,0.01625880,0.01038707,0.00935270,0.00879691,0.00842440,0.00815420,0.00795979,0.00782429,0.00775131,0.00772712,0.00775312,0.00782673,0.00796862,0.00816882,0.00842123,0.00872226,0.00910474
649.00000000,0.01126980,0.00000000,0.01126980,0.01946274,0.01837147,0.01734029,0.01640307,0.01561695,0.01500968,0.01470246,0.01505903,0.02175990,0.01389777,0.01251286,0.01176868,0.01126980,0.01090777,0.01064708,0.01046508,0.01036654,0.01033306,0.01036640,0.01046310,0.01065062,0.01091553,0.01124952,0.01164762,0.01215344
650.00000000,0.01450257,0.00000000,0.01450257,0.02504433,0.02364166,0.02231567,0.02111019,0.02009885,0.01931760,0.01892253,0.01938223,0.02801287,0.01788717,0.01610364,0.01514522,0.01450257,0.01403604,0.01369983,0.01346478,0.01333690,0.01329248,0.01333368,0.01345600,0.01369460,0.01403204,0.01445745,0.01496427,0.01560824
651.00000000,0.01834448,0.00019941,0.01814507,0.03167707,0.02990471,0.02822859,0.02670445,0.02542553,0.02443759,0.02393817,0.02452059,0.03544595,0.02262874,0.02037125,0.01915810,0.01834448,0.01775362,0.01732753,0.01702925,0.01686629,0.01680860,0.01685879,0.01701113,0.01730986,0.01773277,0.01826592,0.01890081,0.01970751
652.00000000,0.02261685,0.00040228,0.02221457,0.03905276,0.03686977,0.03480458,0.03292623,0.03134982,0.03013207,0.02951668,0.03023582,0.04371541,0.02790247,0.02511749,0.02362080,0.02261685,0.02188752,0.02136124,0.02099239,0.02079008,0.02071722,0.02077686,0.02096192,0.02132667,0.02184355,0.02249512,0.02327068,0.02425614
653.00000000,0.02708298,0.00041991,0.02666307,0.04676224,0.04415071,0.04167922,0.03943087,0.03754359,0.03608571,0.03534920,0.03621159,0.05236418,0.03341646,0.03007953,0.02828616,0.02708298,0.02620864,0.02557734,0.02513436,0.02489047,0.02480119,0.02487000,0.02508838,0.02552100,0.02613463,0.02690814,0.02782841,0.02899777
654.00000000,0.03190249,0.00038563,0.03151686,0.05508101,0.05200785,0.04909841,0.04645107,0.04422845,0.04251153,0.04164444,0.04266178,0.06170232,0.03936802,0.03543484,0.03332095,0.03190249,0.03087136,0.03012636,0.02960299,0.02931371,0.02920606,0.02928393,0.02953723,0.03004173,0.03075807,0.03166097,0.03273468,0.03409901
655.00000000,0.03707483,0.00037462,0.03670021,0.06400792,0.06044048,0.05706170,0.05398653,0.05140421,0.04940941,0.04840233,0.04958650,0.07173125,0.04575711,0.04118316,0.03872478,0.03707483,0.03587498,0.03500747,0.03439725,0.03405852,0.03393025,0.03401666,0.03430595,0.03488569,0.03570983,0.03674850,0.03798299,0.03955161
656.00000000,0.04261613,0.00037738,0.04223876,0.07357064,0.06947500,0.06559417,0.06206113,0.05909362,0.05680126,0.05564438,0.05700787,0.08248394,0.05260410,0.04734263,0.04451460,0.04261613,0.04123502,0.04023569,0.03953174,0.03913916,0.03898772,0.03908189,0.03940803,0.04006614,0.04100290,0.04218336,0.04358553,0.04536718
657.00000000,0.04801207,0.00045799,0.04755408,0.08288090,0.07827325,0.07390490,0.06992676,0.06658450,0.06400261,0.06270014,0.06423928,0.09296912,0.05927519,0.05334244,0.05015342,0.04801207,0.04645355,0.04532483,0.04452844,0.04408191,0.04390604,0.04400532,0.04436432,0.04509481,0.04613624,0.04744838,0.04900578,0.05098463
658.00000000,0.05326397,0.00056894,0.05269503,0.09194088,0.08683729,0.08199581,0.07758525,0.07387857,0.07101511,0.06957121,0.07128233,0.10318878,0.06577190,0.05918400,0.05564260,0.05326397,0.05153187,0.05027620,0.04938866,0.04888808,0.04868654,0.04878833,0.04917626,0.04997320,0.05111141,0.05254519,0.05424549,0.05640582
659.00000000,0.05890346,0.00069479,0.05820867,0.10166898,0.09603503,0.09068669,0.08581242,0.08171460,0.07854890,0.07695331,0.07885005,0.11417720,0.07275183,0.06545861,0.06153777,0.05890346,0.05698407,0.05559107,0.05460451,0.05404442,0.05381347,0.05391558,0.05433159,0.05519601,0.05643319,0.05799120,0.05983692,0.06218186
660.00000000,0.06627597,0.00080814,0.06546783,0.11438473,0.10805799,0.10204742,0.09656722,0.09195825,0.08839754,0.08660372,0.08874310,0.12854164,0.08187658,0.07366139,0.06924453,0.06627597,0.06411171,0.06253912,0.06142300,0.06078490,0.06051529,0.06061744,0.06106973,0.06202174,0.06338752,0.06510691,0.06714144,0.06972604
661.00000000,0.07394803,0.00094787,0.07300016,0.12761389,0.12057023,0.11387284,0.10776341,0.10262306,0.09865164,0.09665191,0.09904528,0.14351131,0.09137768,0.08220037,0.07726579,0.07394803,0.07152752,0.06976643,0.06851359,0.06779183,0.06747890,0.06757705,0.06806203,0.06909857,0.07058971,0.07246614,0.07468345,0.07749991
662.00000000,0.07991578,0.00113545,0.07878033,0.13790013,0.13030512,0.12307705,0.11648018,0.11092725,0.10663683,0.10447751,0.10707087,0.15519144,0.09877752,0.08884732,0.08350743,0.07991578,0.07729364,0.07538328,0.07402106,0.07323021,0.07287863,0.07296715,0.07346948,0.07456115,0.07613628,0.07811743,0.08045498,0.08342374
663.00000000,0.08873222,0.00138555,0.08734667,0.15309659,0.14468378,0.13666994,0.12935202,0.12318930,0.11842744,0.11603199,0.11891910,0.17242165,0.10970317,0.09866387,0.09272698,0.08873222,0.08581369,0.08368445,0.08216247,0.08127190,0.08086611,0.08094414,0.08147669,0.08265577,0.08436257,0.08650814,0.08903552,0.09224482
664.00000000,0.09954272,0.00173367,0.09780905,0.17172869,0.16231359,0.15333656,0.14513472,0.13822438,0.13288450,0.13019949,0.13344662,0.19354698,0.12309954,0.11070051,0.10403171,0.09954272,0.09626078,0.09386312,0.09214521,0.09113223,0.09065980,0.09072467,0.09129390,0.09257962,0.09444715,0.09679333,0.09955220,0.10305475
665.00000000,0.10967530,0.00212158,0.10755372,0.18918610,0.17883741,0.16896101,0.15993269,0.15232250,0.14644139,0.14348549,0.14707188,0.21337352,0.13566271,0.12198598,0.11462924,0.10967530,0.10605090,0.10339952,0.10149543,0.10036429,0.09982517,0.09987207,0.10046865,0.10184502,0.10385134,0.10637021,0.10932674,0.11307941
666.00000000,0.12299887,0.00253226,0.12046660,0.21214241,0.20056362,0.18950319,0.17938733,0.17085659,0.16426359,0.16095118,0.16498244,0.23942660,0.15217792,0.13682325,0.12856316,0.12299887,0.11892521,0.11594135,0.11379380,0.11250899,0.11188426,0.11191024,0.11254613,0.11404603,0.11624038,0.11899340,0.12221871,0.12631154
667.00000000,0.13462037,0.00295670,0.13166367,0.23215880,0.21951270,0.20742285,0.19636041,0.18702766,0.17981433,0.17619146,0.18061233,0.26217334,0.16658919,0.14976820,0.14071853,0.13462037,0.13015322,0.12687743,0.12451520,0.12309319,0.12238987,0.12239236,0.12305599,0.12465496,0.12700224,0.12994513,0.13338682,0.13775319
668.00000000,0.14796270,0.00340713,0.14455557,0.25513846,0.24126628,0.22799424,0.21584489,0.20559136,0.19766582,0.19368643,0.19855409,0.28828063,0.18313245,0.16462898,0.15467335,0.14796270,0.14304421,0.13943369,0.13682549,0.13524656,0.13445374,0.13443018,0.13512678,0.13684095,0.13936563,0.14252886,0.14622189,0.15090601
669.00000000,0.16428583,0.00388654,0.16039929,0.28325113,0.26787566,0.25315560,0.23967573,0.22829559,0.21949872,0.21508300,0.22049578,0.32019586,0.20336521,0.18280650,0.17174430,0.16428583,0.15881665,0.15479826,0.15189099,0.15012251,0.14922311,0.14917152,0.14991321,0.15177454,0.15452420,0.15796725,0.16198070,0.16707014
670.00000000,0.18317320,0.00437076,0.17880244,0.31578249,0.29866651,0.28227026,0.26725036,0.25456632,0.24476100,0.23984017,0.24588333,0.35712105,0.22677548,0.20383909,0.19149674,0.18317320,0.17706710,0.17257709,0.16932417,0.16733686,0.16631482,0.16623165,0.16702659,0.16905959,0.17207135,0.17584041,0.18022740,0.18578934
671.00000000,0.20127672,0.00479933,0.19647739,0.34695588,0.32817343,0.31017196,0.29367705,0.27974405,0.26897277,0.26356819,0.27021566,0.39251004,0.24921325,0.22399841,0.21042930,0.20127672,0.19456011,0.18961791,0.18603341,0.18383590,0.18269566,0.18258132,0.18342614,0.18562212,0.18888310,0.19296209,0.19770394,0.20371474
672.00000000,0.22207689,0.00528147,0.21679542,0.38277707,0.36207763,0.34223035,0.32403977,0.30867122,0.29678970,0.29082900,0.29817014,0.43316299,0.27499134,0.24715955,0.23218150,0.22207689,0.21465942,0.20919839,0.20523378,0.20279594,0.20152139,0.20137323,0.20227782,0.20466432,0.20821579,0.21265622,0.21781248,0.22434754
673.00000000,0.25135223,0.00596614,0.24538609,0.43319831,0.40979254,0.38734283,0.36676320,0.34937338,0.33592883,0.32918491,0.33749957,0.49033587,0.31126112,0.27975171,0.26279392,0.25135223,0.24295127,0.23676338,0.23226771,0.22949685,0.22803967,0.22785244,0.22885180,0.23152050,0.23549875,0.24047112,0.24623995,0.25355051
674.00000000,0.27320416,0.00683244,0.26637172,0.47082057,0.44540080,0.42101255,0.39865236,0.37975540,0.36514530,0.35781760,0.36686031,0.53302493,0.33833757,0.30408147,0.28564493,0.27320416,0.26406783,0.25733576,0.25244163,0.24941933,0.24782217,0.24760088,0.24866483,0.25153602,0.25582241,0.26117843,0.26738767,0.27525555
675.00000000,0.30128528,0.00777497,0.29351031,0.51917596,0.49115983,0.46427563,0.43962452,0.41878959,0.40268097,0.39460241,0.40457820,0.58784620,0.37312271,0.33534157,0.31500749,0.30128528,0.29120655,0.28377822,0.27837563,0.27503507,0.27326405,0.27300700,0.27416394,0.27730858,0.28200783,0.28787873,0.29468146,0.30330085
676.00000000,0.32888342,0.00859792,0.32028550,0.56669566,0.53612696,0.50678956,0.47988706,0.45714787,0.43956685,0.43075052,0.44164283,0.64171226,0.40730630,0.36606236,0.34386430,0.32888342,0.31787918,0.30976727,0.30386571,0.30021332,0.29827254,0.29798182,0.29923198,0.30264777,0.30775586,0.31413683,0.32152796,0.33089260
677.00000000,0.35373567,0.00969400,0.34404167,0.60948594,0.57661257,0.54506301,0.51613175,0.49167766,0.47277086,0.46329009,0.47500554,0.69017899,0.43807815,0.39372107,0.36984747,0.35373567,0.34190054,0.33317589,0.32682822,0.32289931,0.32081084,0.32049671,0.32183938,0.32551073,0.33100148,0.33786067,0.34580557,0.35587204
678.00000000,0.40245092,0.01119389,0.39125703,0.69338354,0.65598318,0.62009126,0.58717912,0.55936109,0.53785380,0.52706931,0.54039607,0.78516070,0.49839094,0.44793416,0.42077783,0.40245092,0.38898911,0.37906596,0.37184702,0.36738055,0.36500827,0.36465588,0.36618947,0.37037444,0.37663145,0.38444888,0.39350539,0.40498100
679.00000000,0.42516667,0.01275878,0.41240789,0.73250427,0.69297166,0.65504397,0.62027031,0.59088289,0.56816309,0.55677018,0.57084085,0.82931845,0.52647944,0.47319527,0.44451808,0.42516667,0.41095484,0.40048240,0.39286807,0.38816552,0.38567859,0.38533196,0.38698393,0.39144731,0.39811123,0.40644011,0.41609656,0.42833423
680.00000000,0.45675281,0.01439738,0.44235543,0.78691646,0.74440966,0.70364550,0.66627977,0.63470823,0.61030112,0.59806116,0.61316369,0.89068733,0.56552779,0.50831612,0.47752655,0.45675281,0.44150056,0.43026735,0.42210684,0.41708099,0.41444084,0.41411052,0.41593746,0.42080166,0.42804889,0.43711149,0.44763053,0.46096414
681.00000000,0.47914936,0.01609662,0.46305273,0.82552464,0.78085626,0.73805201,0.69883287,0.66570784,0.64010203,0.62725856,0.64307535,0.93391912,0.59314042,0.53317972,0.50091336,0.47914936,0.46317825,0.45142721,0.44290435,0.43768280,0.43497506,0.43471103,0.43673016,0.44196878,0.44974465,0.45947685,0.47079587,0.48514848
682.00000000,0.49927374,0.01797461,0.48129912,0.86023069,0.81358659,0.76893091,0.72803661,0.69351264,0.66682820,0.65344034,0.66988695,0.97257381,0.61790131,0.55549464,0.52191539,0.49927374,0.48266916,0.47046696,0.46163480,0.45625908,0.45351717,0.45334791,0.45558353,0.46121636,0.46954090,0.47997019,0.49212825,0.50755071
683.00000000,0.51707565,0.02016679,0.49690887,0.89095490,0.84250037,0.79617281,0.75377863,0.71801180,0.69037057,0.67649721,0.69347787,1.00639804,0.63970743,0.57518377,0.54047032,0.51707565,0.49993455,0.48736023,0.47828545,0.47281452,0.47009272,0.47007397,0.47258396,0.47867477,0.48762396,0.49885025,0.51197778,0.52863809
684.00000000,0.53126461,0.02256362,0.50870099,0.91547003,0.86550943,0.81781448,0.77420610,0.73744253,0.70903518,0.69476984,0.71215114,1.03297217,0.65698747,0.59082488,0.55523545,0.53126461,0.51372029,0.50087689,0.49164036,0.48613511,0.48348034,0.48364866,0.48646067,0.49302594,0.50261245,0.51465391,0.52878059,0.54671744
685.00000000,0.54158798,0.02530062,0.51628736,0.93333323,0.88217989,0.83343717,0.78891748,0.75142030,0.72245085,0.70789252,0.72552448,1.05167371,0.66939546,0.60211995,0.56593905,0.54158798,0.52378960,0.51079438,0.50149045,0.49602585,0.49350024,0.49391010,0.49707262,0.50415446,0.51442302,0.52733898,0.54254670,0.56186541
686.00000000,0.54420878,0.02817994,0.51602885,0.93790403,0.88626251,0.83715335,0.79235005,0.75465168,0.72553128,0.71088361,0.72849847,1.05516700,0.67222037,0.60481993,0.56857959,0.54420878,0.52642300,0.51347504,0.50425197,0.49892502,0.49658804,0.49726325,0.50076766,0.50831169,0.51917514,0.53285637,0.54902199,0.56956577
687.00000000,0.53956958,0.03100634,0.50856324,0.92993142,0.87846990,0.82963905,0.78514555,0.74774874,0.71886525,0.70431963,0.72166261,1.04429586,0.66600638,0.59941582,0.56361925,0.53956958,0.52204843,0.50933568,0.50033335,0.49523478,0.49314164,0.49410278,0.49793843,0.50588939,0.51726034,0.53159630,0.54859390,0.57020174
688.00000000,0.52253348,0.03399254,0.48854095,0.90054267,0.85044593,0.80301795,0.75985953,0.72362605,0.69564390,0.68153180,0.69819119,1.00924764,0.64444743,0.58021913,0.54570068,0.52253348,0.50568687,0.49350797,0.48493990,0.48019267,0.47839845,0.47963017,0.48371647,0.49189908,0.50352538,0.51819567,0.53564498,0.55783126
689.00000000,0.51773899,0.03741761,0.48032139,0.89219709,0.84229445,0.79516091,0.75232946,0.71641274,0.68867659,0.67466350,0.69101334,0.99762757,0.63793607,0.57459148,0.54055629,0.51773899,0.50118077,0.48925795,0.48093120,0.47643059,0.47490118,0.47643964,0.48088044,0.48949387,0.50165698,0.51701339,0.53533202,0.55862480
690.00000000,0.51180482,0.04134468,0.47046014,0.88179648,0.83221092,0.78548551,0.74308368,0.70756866,0.68014227,0.66625631,0.68224388,0.98357391,0.62996565,0.56767322,0.53421133,0.51180482,0.49557973,0.48394583,0.47588489,0.47164433,0.47038705,0.47223037,0.47701648,0.48603883,0.49870772,0.51470695,0.53384118,0.55816876
691.00000000,0.50391141,0.04518839,0.45872302,0.86794127,0.81888042,0.77275346,0.73095190,0.69597920,0.66896900,0.65525969,0.67080851,0.96555928,0.61954040,0.55856201,0.52581339,0.50391141,0.48808730,0.47679066,0.46902954,0.46506465,0.46408344,0.46621945,0.47132496,0.48070770,0.49381550,0.51036806,0.53020736,0.55542512
692.00000000,0.49327054,0.04919038,0.44408016,0.84924797,0.80100658,0.75574754,0.71478717,0.68055517,0.65411208,0.64065211,0.65566388,0.94209480,0.60569685,0.54638733,0.51454161,0.49327054,0.47793795,0.46704192,0.45962338,0.45595127,0.45524559,0.45765075,0.46303166,0.47269828,0.48614060,0.50310935,0.52348495,0.54937414
693.00000000,0.48732631,0.05346919,0.43385712,0.83855121,0.79069624,0.74589050,0.70539251,0.67158111,0.64545535,0.63211323,0.64671700,0.92742894,0.59758413,0.53939905,0.50816292,0.48732631,0.47234286,0.46174485,0.45459825,0.45117879,0.45073544,0.45341984,0.45911009,0.46912555,0.48299531,0.50049163,0.52153250,0.54825230
694.00000000,0.48263464,0.05772682,0.42490782,0.82990614,0.78234370,0.73789472,0.69776806,0.66429761,0.63842511,0.62516383,0.63938312,0.91496462,0.59096843,0.53377998,0.50308380,0.48263464,0.46796560,0.45763949,0.45074626,0.44756498,0.44737556,0.45033211,0.45632754,0.46668845,0.48098355,0.49899880,0.52068974,0.54821607
695.00000000,0.47646060,0.06215582,0.41430478,0.81861907,0.77152657,0.72759036,0.68797145,0.65495171,0.62941499,0.61627342,0.63005475,0.89956770,0.58251317,0.52651140,0.49645607,0.47646060,0.46215202,0.45212795,0.44550606,0.44256387,0.44261784,0.44581900,0.45207698,0.46271587,0.47734642,0.49576170,0.51795450,0.54609487
696.00000000,0.47906510,0.06715731,0.41190780,0.82230752,0.77484418,0.73062876,0.69080025,0.65763013,0.63196176,0.61869467,0.63227590,0.90053238,0.58474399,0.52892259,0.49896711,0.47906510,0.46485872,0.45495474,0.44848376,0.44572287,0.44601654,0.44951051,0.45613143,0.46722009,0.48242412,0.50153294,0.52457699,0.55376946
697.00000000,0.48837825,0.07293273,0.41544551,0.83738952,0.78891498,0.74381771,0.70323451,0.66945734,0.64330110,0.62971864,0.64326870,0.91381967,0.59509856,0.53871067,0.50845337,0.48837825,0.47408399,0.46416760,0.45776216,0.45514432,0.45568194,0.45951249,0.46658092,0.47825854,0.49422773,0.51426439,0.53843833,0.56903042
698.00000000,0.49382334,0.07916665,0.41465669,0.84571038,0.79663138,0.75102538,0.71002150,0.67591289,0.64947922,0.63568437,0.64907197,0.91954191,0.60066551,0.54419743,0.51389841,0.49382334,0.47956513,0.46972288,0.46344092,0.46098938,0.46176939,0.46590403,0.47335945,0.48552185,0.50211399,0.52289324,0.54796983,0.57966826
699.00000000,0.50147549,0.08544223,0.41603326,0.85771536,0.80783364,0.76152879,0.71993102,0.68534427,0.65851688,0.64444380,0.65771055,0.92913850,0.60886486,0.55209242,0.52163058,0.50147549,0.48719656,0.47738912,0.47120647,0.46890974,0.46993480,0.47438625,0.48225332,0.49493872,0.51220679,0.53378879,0.55983694,0.59272368
700.00000000,0.51287987,0.09233439,0.42054548,0.87599795,0.82496332,0.77762996,0.73514072,0.69982631,0.67240882,0.65794833,0.67116931,0.94534441,0.62154141,0.56408163,0.53325073,0.51287987,0.49848484,0.48864754,0.48252578,0.48037003,0.48165138,0.48645202,0.49478651,0.50808014,0.52614018,0.54866341,0.57584687,0.61012313
701.00000000,0.51850542,0.10027293,0.41823249,0.88430710,0.83271471,0.78489998,0.74200866,0.70637120,0.67867535,0.66398706,0.67699538,0.95065416,0.62715966,0.56968959,0.53885217,0.51850542,0.50416411,0.49441317,0.48842587,0.48643600,0.48795963,0.49305145,0.50175314,0.51549245,0.53412405,0.55730802,0.58528508,0.62051526
702.00000000,0.52411342,0.10888273,0.41523069,0.89251740,0.84038504,0.79210076,0.74881614,0.71286084,0.68488869,0.66996975,0.68275142,0.95576034,0.63271897,0.57526100,0.54442844,0.52411342,0.50983123,0.50017020,0.49432020,0.49249547,0.49426028,0.49963819,0.50869956,0.52287096,0.54205630,0.56587395,0.59460903,0.63074421
703.00000000,0.53359664,0.11774844,0.41584820,0.90723305,0.85419418,0.80509674,0.76110919,0.72457703,0.69612533,0.68086397,0.69350072,0.96774670,0.64291425,0.58506636,0.55402237,0.53359664,0.51927348,0.50963448,0.50388123,0.50220750,0.50422529,0.50992406,0.51940472,0.53409999,0.55396384,0.57856576,0.60823799,0.64549983
704.00000000,0.55009799,0.12645442,0.42364356,0.93377523,0.87914832,0.82860371,0.78334439,0.74576145,0.71645875,0.70065048,0.71328804,0.99217746,0.66150036,0.60253623,0.57089045,0.55009799,0.53555527,0.52581926,0.52009430,0.51855341,0.52085508,0.52695082,0.53697538,0.55238302,0.57317992,0.59887597,0.62985650,0.66870642
705.00000000,0.56584381,0.13545778,0.43038603,0.95892402,0.90279945,0.85088863,0.80442946,0.76585416,0.73574354,0.71940602,0.73200495,1.01493775,0.67910704,0.61914515,0.58696059,0.56584381,0.55111241,0.54130154,0.53562111,0.53422025,0.53680851,0.54329572,0.55385235,0.56994894,0.59164672,0.61839169,0.65062353,0.69098534
706.00000000,0.57375061,0.14529500,0.42845561,0.97069966,0.91386852,0.86132056,0.81431337,0.77528565,0.74478664,0.72814317,0.74051207,1.02340300,0.68725182,0.62715139,0.59488876,0.57375061,0.55904268,0.54929921,0.54374790,0.54250956,0.54535203,0.55214162,0.56308380,0.57964212,0.60193428,0.62934588,0.66236619,0.70365639
707.00000000,0.58545033,0.15555592,0.42989441,0.98881920,0.93091788,0.87739411,0.82953518,0.78980174,0.75871476,0.74165295,0.75386030,1.03844840,0.69989751,0.63928377,0.60674147,0.58545033,0.57067485,0.56093909,0.55548452,0.55440239,0.55751991,0.56465636,0.57605488,0.59317927,0.61620621,0.64445330,0.67846356,0.72093084
708.00000000,0.60119690,0.16747197,0.43372492,1.01367448,0.95431557,0.89945586,0.85042288,0.80971511,0.77782783,0.76022610,0.77233614,1.06039037,0.71731608,0.65580437,0.62277541,0.60119690,0.58626188,0.57647484,0.57108727,0.57015905,0.57357919,0.58111545,0.59305214,0.61086063,0.63478047,0.66405223,0.69927818,0.74320021
709.00000000,0.61953265,0.18098513,0.43854752,1.04278004,0.98172133,0.92530006,0.87489137,0.83304085,0.80021882,0.78199698,0.79403775,1.08656096,0.73774551,0.67511218,0.64147596,0.61953265,0.60438621,0.59451609,0.58918241,0.58841117,0.59215691,0.60013128,0.61266311,0.63123464,0.65615254,0.68657231,0.72316018,0.76871458
710.00000000,0.63975143,0.19363011,0.44612132,1.07490131,1.01197481,0.95383516,0.90191084,0.85880050,0.82494910,0.80604786,0.81802789,1.11562185,0.76032088,0.69642622,0.66210719,0.63975143,0.62436274,0.61439218,0.60910829,0.60850034,0.61259298,0.62103688,0.63420887,0.65360318,0.67959820,0.71125670,0.74931337,0.79662803
711.00000000,0.66165096,0.20627549,0.45537548,1.10970358,1.04475893,0.98476054,0.93119556,0.88672066,0.85175459,0.83211889,0.84403933,1.14718568,0.78479412,0.71952258,0.68445810,0.66165096,0.64599563,0.63591197,0.63067728,0.63024089,0.63470275,0.64364745,0.65750336,0.67777725,0.70492422,0.73790634,0.77753148,0.82672477
712.00000000,0.68511134,0.22172336,0.46338798,1.14696978,1.07986954,1.01788397,0.96256411,0.91662889,0.88046956,0.86004721,0.87190339,1.18099240,0.81101078,0.74426499,0.70840216,0.68511134,0.66916985,0.65896406,0.65378073,0.65352576,0.65838016,0.66785692,0.68243986,0.70364811,0.73201900,0.76640554,0.80769375,0.85887717
713.00000000,0.70828122,0.23721519,0.47106603,1.18358749,1.11437633,1.05044347,0.99340490,0.94603846,0.90870528,0.88749876,0.89925089,1.21380724,0.83676908,0.76863739,0.73202304,0.70828122,0.69207885,0.68177098,0.67665672,0.67659499,0.68185368,0.69186963,0.70718487,0.72932650,0.75891848,0.79469908,0.83763538,0.89078414
714.00000000,0.73045259,0.25058465,0.47986794,1.21837972,1.14717118,1.08139450,1.02273000,0.97400847,0.93555810,0.91359137,0.92518953,1.24443906,0.86123777,0.79187390,0.75459002,0.73045259,0.71402992,0.70364954,0.69862636,0.69876910,0.70443775,0.71498921,0.73102588,0.75407694,0.78485658,0.82198417,0.86650956,0.92154466
715.00000000,0.75560129,0.26463855,0.49096274,1.25797891,1.18449880,1.11662366,1.05610667,1.00584097,0.96612078,0.94329835,0.95475603,1.27966468,0.88910532,0.81828505,0.78021051,0.75560129,0.73890942,0.72842953,0.72349199,0.72385115,0.72996621,0.74110693,0.75794140,0.78200346,0.81410494,0.85273468,0.89903276,0.95617509
716.00000000,0.78427625,0.28148993,0.50278632,1.30323734,1.22716519,1.15689424,1.09426032,1.04222986,1.00106172,0.97727198,0.98860403,1.32029028,0.92098797,0.84845120,0.80944547,0.78427625,0.76725868,0.75664833,0.75179074,0.75238093,0.75898578,0.77077943,0.78850202,0.81369500,0.84727666,0.88759178,0.93587947,0.99539008
717.00000000,0.81257763,0.29827495,0.51430269,1.34772757,1.26911280,1.19649027,1.13177950,1.07801660,1.03542228,1.01066844,1.02183216,1.35978079,0.95231455,0.87815733,0.83827134,0.81257763,0.79526178,0.78454265,0.77978404,0.78061795,0.78772502,0.80017903,0.81879509,0.84511753,0.88017579,0.92216461,0.97242520,1.03427684
718.00000000,0.83750137,0.31202938,0.52547199,1.38645079,1.30563676,1.23097850,1.16447293,1.10921101,1.06537193,1.03975092,1.05066530,1.39312704,0.97956785,0.90415862,0.86358989,0.83750137,0.81997775,0.80921014,0.80458577,0.80567165,0.81326514,0.82633883,0.84578238,0.87313284,0.90953111,0.95302336,1.00505053,1.06898317
719.00000000,0.86172383,0.32559028,0.53613355,1.42389703,1.34096158,1.26433818,1.19610117,1.13939199,1.09434591,1.06787186,1.07849633,1.42488769,1.00590404,0.92935670,0.88816588,0.86172383,0.84402310,0.83322983,0.82875755,0.83010528,0.83819195,0.85188529,0.87215164,0.90051599,0.93823415,0.98319949,1.03695456,1.10291492
720.00000000,0.88653286,0.34101516,0.54551770,1.46214189,1.37704802,1.29842408,1.22842452,1.17024144,1.12396443,1.09661655,1.10693049,1.45719259,1.03282478,0.95513985,0.91332668,0.88653286,0.86865871,0.85784544,0.85353450,0.85515388,0.86374912,0.87807876,0.89918869,0.92858978,0.96765711,1.01412510,1.06964141,1.13766549
721.00000000,0.91394324,0.35887289,0.55507035,1.50457795,1.41708447,1.33623593,1.26427474,1.20445148,1.15680835,1.12849965,1.13850537,1.49340418,1.06269094,0.98368510,0.94115034,0.91394324,0.89585732,0.88500453,0.88085467,0.88276005,0.89190080,0.90691856,0.92894442,0.95947646,1.00001696,1.04812953,1.10557450,1.17586232
722.00000000,0.93981007,0.37380238,0.56600768,1.54433942,1.45460788,1.37168284,1.29789227,1.23653800,1.18761285,1.15838645,1.16803947,1.52670026,1.09067058,1.01052539,0.96736625,0.93981007,0.92155768,0.91069619,0.90672668,0.90892400,0.91860554,0.93429458,0.95720784,0.98882504,1.03077679,1.08045510,1.13973254,1.21216148
723.00000000,0.96613123,0.38690029,0.57923093,1.58473330,1.49273247,1.40770098,1.33205469,1.26914683,1.21891925,1.18875725,1.19803924,1.56040492,1.11910061,1.03781769,0.99403454,0.96613123,0.94771587,0.93685079,0.93306981,0.93556763,0.94580336,0.96217803,0.98599658,1.01871846,1.06210646,1.11337560,1.17451372,1.24911404
724.00000000,0.99384752,0.40064199,0.59320553,1.62731266,1.53292084,1.44566944,1.36806674,1.30352092,1.25192145,1.22077709,1.22968122,1.59607117,1.14907858,1.06657630,1.02212474,0.99384752,0.97525347,0.96437823,0.96078919,0.96359760,0.97440984,0.99149956,1.01626355,1.05014077,1.09503141,1.14796583,1.21105183,1.28792624
725.00000000,1.02012629,0.41414496,0.60598133,1.66744810,1.57081184,1.48147508,1.40203583,1.33595119,1.28305728,1.25097302,1.25946920,1.62917906,1.17733616,1.09376451,1.04872498,1.02012629,1.00138972,0.99052779,0.98714336,0.99026374,1.00164311,1.01942786,1.04510607,1.08009214,1.12642317,1.18094603,1.24588697,1.32491905
726.00000000,1.04560399,0.42828186,0.61732213,1.70619961,1.60740338,1.51605856,1.43485161,1.36728495,1.31314061,1.28013974,1.28820767,1.66080784,1.20462253,1.12007168,1.07449246,1.04560399,1.02674697,1.01591298,1.01274167,1.01617572,1.02811802,1.04658726,1.07316279,1.10923171,1.15696819,1.21303559,1.27977808,1.36090024
727.00000000,1.07014689,0.44207323,0.62807367,1.74337879,1.64251709,1.54925094,1.46635334,1.39736842,1.34202397,1.30813534,1.31576063,1.69084155,1.23080611,1.14536527,1.09929429,1.07014689,1.05119021,1.04039701,1.03744455,1.04119105,1.05368759,1.07282588,1.10027572,1.13739471,1.18649304,1.24405215,1.31253258,1.39566598
728.00000000,1.09274790,0.45412834,0.63861956,1.77735976,1.67462068,1.57960655,1.49517226,1.42489694,1.36845442,1.33373940,1.34090378,1.71773564,1.25473949,1.16857259,1.12209810,1.09274790,1.07372842,1.06299745,1.06027085,1.06432382,1.07735275,1.09712542,1.12539946,1.16349981,1.21386898,1.27281197,1.34290149,1.42788867
729.00000000,1.11340904,0.46400365,0.64940539,1.80816466,1.70373415,1.60714362,1.52132497,1.44988584,1.39244675,1.35696736,1.36365664,1.74155038,1.27643830,1.18970213,1.14290862,1.11340904,1.09436142,1.08371232,1.08121676,1.08556893,1.09910681,1.11947799,1.14852490,1.18753709,1.23908522,1.29930400,1.37087380,1.45755803
730.00000000,1.13253616,0.47203873,0.66049743,1.83648881,1.73051159,1.63247828,1.54539364,1.47288922,1.41453329,1.37834020,1.38455090,1.76303651,1.29639485,1.20920044,1.16214789,1.13253616,1.11348369,1.10292837,1.10066433,1.10530698,1.11933176,1.14026993,1.17004569,1.20991181,1.26256269,1.32396890,1.39691412,1.48516905
731.00000000,1.15023727,0.47817462,0.67206265,1.86248029,1.75509682,1.65575060,1.56751488,1.49404094,1.43484642,1.39799108,1.40372666,1.78240667,1.31474178,1.22718722,1.17992879,1.15023727,1.13119931,1.12074641,1.11871122,1.12363327,1.13812022,1.15959175,1.19005023,1.23071095,1.28438681,1.34689151,1.42110700,1.51080708
732.00000000,1.16828017,0.48303230,0.68524787,1.88909092,1.78026151,1.67956547,1.59014563,1.51567461,1.45561981,1.41809002,1.42335790,1.80242097,1.33350727,1.24555191,1.19806574,1.16828017,1.14924688,1.13888996,1.13708017,1.14228105,1.15723255,1.17924245,1.21039154,1.25185851,1.30657497,1.37019699,1.44570529,1.53687836
733.00000000,1.18621162,0.48663518,0.69957643,1.91549458,1.80523721,1.70320798,1.61261835,1.53716232,1.47625803,1.43806317,1.44287309,1.82235098,1.35216438,1.26380696,1.21609255,1.18621162,1.16718082,1.15691676,1.15532752,1.16080192,1.17620994,1.19874925,1.23057779,1.27283832,1.32857913,1.39330117,1.47008223,1.56270558
734.00000000,1.20349118,0.48991833,0.71357285,1.94085087,1.82923098,1.72592936,1.63422334,1.55782710,1.49611139,1.45728008,1.46164788,1.84147869,1.37012311,1.28138897,1.23346040,1.20349118,1.18446508,1.17429170,1.17291515,1.17865236,1.19449832,1.21754486,1.25002402,1.29304369,1.34976430,1.41553766,1.49353479,1.58754295
735.00000000,1.22078547,0.49452516,0.72626031,1.96634133,1.85334549,1.74875920,1.65592542,1.57857970,1.51604665,1.47657895,1.48052019,1.86088156,1.38815869,1.29901524,1.25085521,1.22078547,1.20175439,1.19166378,1.19049264,1.19648727,1.21276543,1.23631477,1.26944034,1.31321664,1.37091442,1.43773845,1.51695167,1.61234697
736.00000000,1.23683922,0.49941515,0.73742407,1.98990007,1.87563855,1.76986995,1.67599870,1.59777906,1.53449165,1.49443197,1.49796128,1.87864298,1.40484159,1.31534915,1.26699063,1.23683922,1.21781278,1.20780666,1.20683339,1.21307224,1.22975744,1.25377793,1.28750779,1.33198885,1.39059622,1.45839567,1.53873683,1.63541597
737.00000000,1.25076868,0.50415271,0.74661596,2.01009940,1.89476450,1.78799182,1.69324080,1.61427894,1.55034540,1.50976638,1.51289413,1.89339780,1.41916270,1.32944831,1.28096029,1.25076868,1.23177099,1.22185901,1.22107760,1.22754368,1.24459964,1.26904322,1.30331199,1.34841489,1.40782331,1.47647526,1.55779964,1.65559101
738.00000000,1.26085505,0.50826824,0.75258681,2.02419562,1.90813635,1.80068304,1.70533868,1.62587364,1.56148955,1.52052019,1.52325626,1.90259882,1.42918465,1.33949191,1.29100646,1.26085505,1.24193424,1.23213789,1.23154164,1.23820773,1.25557313,1.28035680,1.31505059,1.36062933,1.42064732,1.48993366,1.57198396,1.67058119
739.00000000,1.26704034,0.51129984,0.75574050,2.03211190,1.91568076,1.80787362,1.71222535,1.63249876,1.56786207,1.52663364,1.52899070,1.90620172,1.43485179,1.34542313,1.29707176,1.26704034,1.24824381,1.23858372,1.23816470,1.24500233,1.26261405,1.28765290,1.32265550,1.36856163,1.42899460,1.49869417,1.58120978,1.68030304
740.00000000,1.26931922,0.51258896,0.75673025,2.03387260,1.91741952,1.80958314,1.71391819,1.63417002,1.56947806,1.52812316,1.53012074,1.90429713,1.43618118,1.34724730,1.29915535,1.26931922,1.25069068,1.24118431,1.24093141,1.24790965,1.26570156,1.29090814,1.32610062,1.37218350,1.43283424,1.50272402,1.58544251,1.68472090
741.00000000,1.27081977,0.51153557,0.75928419,2.03449691,1.91808398,1.81027647,1.71464568,1.63491885,1.57020920,1.52875857,1.53042213,1.90159373,1.43671584,1.34828633,1.30045957,1.27081977,1.25235647,1.24299736,1.24289843,1.25000321,1.26795273,1.29330146,1.32865143,1.37487389,1.43569461,1.50572394,1.58858695,1.68798467
742.00000000,1.26436156,0.50824189,0.75611967,2.02254644,1.90688418,1.79976399,1.70475080,1.62553218,1.56120248,1.51991681,1.52125987,1.88736654,1.42834424,1.34092492,1.29363745,1.26436156,1.24616482,1.23699979,1.23704441,1.24422310,1.26220893,1.28753424,1.32281368,1.36888229,1.42948785,1.49921719,1.58170602,1.68060461
743.00000000,1.24651982,0.50325889,0.74326094,1.99251861,1.87863651,1.77315787,1.67960789,1.60160316,1.53822958,1.49748618,1.49852658,1.85656663,1.40721069,1.32153734,1.27518784,1.24651982,1.22873742,1.21983516,1.22000919,1.22718636,1.24503378,1.27009675,1.30497648,1.35046729,1.41030118,1.47909522,1.56046015,1.65796557
744.00000000,1.22506636,0.49738615,0.72768021,1.95686017,1.84507537,1.74153274,1.64970630,1.57313318,1.51089590,1.47081854,1.47158482,1.82083297,1.38210388,1.29837026,1.25306429,1.22506636,1.20773278,1.19910447,1.19939286,1.20653631,1.22418009,1.24889662,1.28326339,1.32803488,1.38691226,1.45456371,1.53456147,1.63038721
745.00000000,1.21118804,0.49199570,0.71919234,1.93342640,1.82303630,1.72077958,1.63009944,1.55447718,1.49298832,1.45333415,1.45385846,1.79674547,1.36563363,1.28327465,1.23870708,1.21118804,1.19418132,1.18576093,1.18615290,1.19329697,1.21083462,1.23534771,1.26940366,1.31372455,1.37199991,1.43892067,1.51804001,1.61277595
746.00000000,1.19833753,0.48550530,0.71283223,1.91174477,1.80264569,1.70157943,1.61196030,1.53721827,1.47642300,1.43716291,1.43747050,1.77453236,1.35040390,1.26930694,1.22541739,1.19833753,1.18162988,1.17339877,1.17388323,1.18102500,1.19846078,1.22278219,1.25654664,1.30044689,1.35816065,1.42440121,1.50270334,1.59642671
747.00000000,1.17530223,0.47784698,0.69745525,1.87393676,1.76704478,1.66801829,1.58021259,1.50697889,1.44739091,1.40886333,1.40897821,1.73761402,1.32378492,1.24459316,1.20173035,1.17530223,1.15902127,1.15103709,1.15159769,1.15866693,1.17584138,1.19975487,1.23293079,1.27602940,1.33268174,1.39767287,1.47448655,1.56639819
748.00000000,1.14879966,0.46985004,0.67894962,1.83077155,1.72638232,1.62967009,1.54392065,1.47239832,1.41418527,1.37650449,1.37644963,1.69595108,1.29335132,1.21625078,1.17451592,1.14879966,1.13297936,1.12525415,1.12587862,1.13284680,1.14970102,1.17312995,1.20561379,1.24778078,1.30320179,1.36675248,1.44185337,1.53168863
749.00000000,1.12188003,0.46339028,0.65848975,1.78699605,1.68514602,1.59078242,1.50711908,1.43733352,1.38051864,1.34370585,1.34350565,1.65397152,1.26251663,1.18749957,1.14688906,1.12188003,1.10651429,1.09904021,1.09971707,1.10657232,1.12308845,1.14601361,1.17778161,1.21899089,1.27314724,1.33522330,1.40857250,1.49628875
750.00000000,1.08806252,0.45071758,0.63734493,1.73237286,1.63367505,1.54222883,1.46115508,1.39352693,1.33845575,1.30274224,1.30242724,1.60224168,1.22401739,1.15149370,1.11223013,1.08806252,1.07322987,1.06603927,1.06675094,1.07344068,1.08950492,1.11177510,1.14262119,1.18261112,1.23516017,1.29537373,1.36651473,1.45157076
751.00000000,1.05524170,0.43972364,0.61551806,1.67942143,1.58377696,1.49515695,1.41659158,1.35105345,1.29767282,1.26302828,1.26261458,1.55221912,1.18669555,1.11656937,1.07860123,1.05524170,1.04091951,1.03399813,1.03473777,1.04126240,1.05688284,1.07851299,1.10845981,1.14726292,1.19824806,1.25665160,1.32564744,1.40812128
752.00000000,1.02519331,0.43222789,0.59296543,1.63097113,1.53812007,1.45208584,1.37581526,1.31218934,1.26035629,1.22669232,1.22619632,1.50652934,1.15255121,1.08460702,1.04781803,1.02519331,1.01133430,1.00465574,1.00541726,1.01178774,1.02699821,1.04803916,1.07715917,1.11487270,1.16442243,1.22116602,1.28819505,1.36830270
753.00000000,0.99091050,0.42204616,0.56886435,1.57585607,1.48617463,1.40307517,1.32940842,1.26795282,1.21787903,1.18533652,1.18477368,1.45481498,1.11369287,1.04818696,1.01271620,0.99091050,0.97756444,0.97115000,0.97192414,0.97810948,0.99284179,1.01320228,1.04137071,1.07783571,1.12574170,1.18058904,1.24537296,1.32278398
754.00000000,0.95146114,0.40659833,0.54486281,1.51257474,1.42652516,1.34678894,1.27610565,1.21713724,1.16908173,1.13783106,1.13721237,1.39564015,1.06905729,1.00631573,0.97233996,0.95146114,0.93869294,0.93257215,0.93335117,0.93931634,0.95349056,0.97306193,1.00012944,1.03515412,1.08116474,1.13382903,1.19602957,1.27034104
755.00000000,0.92126884,0.39731545,0.52395339,1.46409474,1.38083124,1.30367500,1.23528042,1.17821997,1.13171242,1.10145182,1.10078738,1.35028087,1.03487851,0.97426173,0.94143500,0.92126884,0.90894534,0.90305110,0.90383523,0.90963265,0.92338019,0.94234758,0.96857208,1.00249328,1.04705168,1.09804287,1.15826332,1.23019863
756.00000000,0.89728110,0.38774504,0.50953606,1.42552735,1.34448384,1.26938324,1.20281234,1.14727207,1.10199741,1.07252424,1.07181900,1.31415613,1.00770251,0.94878492,0.91687699,0.89728110,0.88531400,0.87960214,0.88039232,0.88605774,0.89946741,0.91795547,0.94351041,0.97655430,1.01995795,1.06961799,1.12826277,1.19830649
757.00000000,0.87374347,0.37697175,0.49677172,1.38772079,1.30885191,1.23576512,1.17098061,1.11692961,1.07286349,1.04416399,1.04342579,1.27881328,0.98106086,0.92379778,0.89278465,0.87374347,0.86212215,0.85658592,0.85737880,0.86291221,0.87598748,0.89400283,0.91889835,0.95107962,0.99334812,1.04170082,1.09879855,1.16698620
758.00000000,0.84630409,0.36629234,0.48001175,1.34375824,1.26741179,1.19666132,1.13394892,1.08162571,1.03896334,1.01116640,1.01040544,1.23786487,0.95006297,0.89469715,0.86471043,0.84630409,0.83507652,0.82973736,0.83052626,0.83590060,0.84858044,0.86604056,0.89016338,0.92133697,0.96228007,1.00910896,1.06440445,1.13043240
759.00000000,0.81647132,0.35635236,0.46011896,1.29604847,1.22243490,1.15421601,1.09374854,1.04329751,1.00215761,0.97534296,0.97457077,1.19355656,0.91641140,0.86308202,0.83419735,0.81647132,0.80566394,0.80053248,0.80131088,0.80650768,0.81875250,0.83560496,0.85888380,0.88895934,0.92845876,0.97363007,1.02696595,1.09064779
760.00000000,0.78436742,0.34579171,0.43857572,1.24492257,1.17422878,1.10871575,1.05064671,1.00219683,0.96268879,0.93693784,0.93619653,1.14649822,0.88034395,0.82912958,0.80139047,0.78436742,0.77398863,0.76906065,0.76980810,0.77479874,0.78655781,0.80274182,0.82509731,0.85397998,0.89191276,0.93529256,0.98651316,1.04766950
761.00000000,0.75387626,0.33568828,0.41818798,1.19636406,1.12844318,1.06549986,1.00970859,0.96315917,0.92520074,0.90045956,0.89974633,1.10179002,0.84608524,0.79688125,0.77023099,0.75387626,0.74390509,0.73917087,0.73988951,0.74468483,0.75598321,0.77153295,0.79301217,0.82076254,0.85720818,0.89888718,0.94809952,1.00685793
762.00000000,0.72718516,0.32705265,0.40013250,1.15383761,1.08834636,1.02765458,0.97385911,0.92897483,0.89237388,0.86851663,0.86782546,1.06261163,0.81608609,0.76864719,0.74295288,0.72718516,0.71757235,0.71300900,0.71370355,0.71832871,0.72922467,0.74421979,0.76493250,0.79169191,0.82683594,0.86702590,0.91447989,0.97113835
763.00000000,0.70106626,0.31781077,0.38325549,1.11222128,1.04910725,0.99061835,0.93877562,0.89552050,0.86024746,0.83725436,0.83658266,1.02424972,0.78672481,0.74101590,0.71625848,0.70106626,0.69180508,0.68740982,0.68808177,0.69254126,0.70304451,0.71749792,0.73746172,0.76325252,0.79712422,0.83585827,0.88159289,0.93619761
764.00000000,0.67414017,0.30716494,0.36697523,1.06932825,1.00866305,0.95244336,0.90261219,0.86103527,0.82712996,0.80502655,0.80437343,0.98469414,0.75645463,0.71252994,0.68873872,0.67414017,0.66524191,0.66102045,0.66166980,0.66595918,0.67605861,0.68995466,0.70914772,0.73394140,0.76650325,0.80373821,0.84770237,0.90019208
765.00000000,0.64696859,0.29530167,0.35166692,1.02605159,0.96785608,0.91392490,0.86612242,0.82623796,0.79371187,0.77250532,0.77186971,0.94477109,0.72590721,0.68378364,0.66096776,0.64696859,0.63843693,0.63439126,0.63501838,0.63913667,0.64882942,0.66216390,0.68058026,0.70436887,0.73561038,0.77133405,0.81351324,0.86387043
766.00000000,0.62310893,0.28616748,0.33694145,0.98803401,0.93200901,0.88008905,0.83406950,0.79567244,0.76435825,0.74393922,0.74331691,0.90967973,0.69907497,0.65853729,0.63658015,0.62310893,0.61490044,0.61101016,0.61161871,0.61558743,0.62492380,0.63776568,0.65550048,0.67840673,0.70848903,0.74288549,0.78349701,0.83198093
767.00000000,0.60080073,0.27877623,0.32202450,0.95248300,0.89848783,0.84844868,0.80409651,0.76709040,0.73690937,0.71722634,0.71661504,0.87685084,0.67398300,0.63493044,0.61377743,0.60080073,0.59289513,0.58915080,0.58974262,0.59357203,0.60257581,0.61495765,0.63205579,0.65413753,0.68313657,0.71629252,0.75543870,0.80217139
768.00000000,0.57507967,0.26875760,0.30632207,0.91153083,0.85987076,0.81199532,0.76956125,0.73415528,0.70527801,0.68644220,0.68584524,0.83904710,0.64506414,0.60771764,0.58748844,0.57507967,0.56752173,0.56394453,0.56451635,0.56818482,0.57680515,0.58865697,0.60502181,0.62615421,0.65390603,0.68563399,0.72309344,0.76781059
769.00000000,0.54791152,0.25884210,0.28906942,0.86829451,0.81909794,0.77350520,0.73309472,0.69937690,0.67187513,0.65393324,0.65335174,0.79913566,0.61452320,0.57897612,0.55972128,0.54791152,0.54072018,0.53731919,0.53786974,0.54136831,0.54958396,0.56087649,0.57646757,0.59659831,0.62303418,0.65325553,0.68893542,0.73152615
770.00000000,0.52302312,0.25026593,0.27275718,0.82868201,0.78174256,0.73824125,0.69968484,0.66751373,0.64127209,0.62414886,0.62358038,0.76255807,0.58654150,0.55264470,0.53428344,0.52302312,0.51616822,0.51292916,0.51346075,0.51680408,0.52464949,0.53543010,0.55031280,0.56952631,0.59475712,0.62359860,0.65764858,0.69829151
771.00000000,0.50151175,0.24221500,0.25929676,0.79443377,0.74944655,0.70775413,0.67080132,0.63996794,0.61481607,0.59840057,0.59784233,0.73092442,0.56235195,0.52988393,0.51229630,0.50151175,0.49494832,0.49184975,0.49236541,0.49557485,0.50310053,0.51343881,0.52770931,0.54612992,0.57031898,0.59796742,0.63060808,0.66956667
772.00000000,0.48164521,0.23466353,0.24698168,0.76279924,0.71961540,0.67959392,0.64412244,0.61452479,0.59037946,0.57461733,0.57406737,0.70169309,0.54000814,0.50886167,0.49198957,0.48164521,0.47535159,0.47238332,0.47288480,0.47597104,0.48320196,0.49313219,0.50683780,0.52452655,0.54775400,0.57430101,0.60564049,0.64304380
773.00000000,0.46129259,0.22800690,0.23328569,0.73038444,0.68904953,0.65074123,0.61678851,0.58845782,0.56534465,0.55025293,0.54971309,0.67175872,0.51712017,0.48732630,0.47118658,0.46129259,0.45527483,0.45243943,0.45292563,0.45588491,0.46281282,0.47232392,0.48544953,0.50238714,0.52462773,0.55004462,0.58004915,0.61585706
774.00000000,0.43847231,0.22203659,0.21643572,0.69409657,0.65482644,0.61843136,0.58617469,0.55925890,0.53729857,0.52295604,0.52242902,0.63825628,0.49147268,0.46318715,0.44786418,0.43847231,0.43276187,0.43007421,0.43054264,0.43335955,0.43994833,0.44899072,0.46146785,0.47756595,0.49870364,0.52285778,0.55137079,0.58539643
775.00000000,0.41415941,0.21639391,0.19776550,0.65546263,0.61838883,0.58402894,0.55357637,0.52816569,0.50743195,0.49388715,0.49337627,0.60261052,0.46415928,0.43747464,0.42301859,0.41415941,0.40877469,0.40624310,0.40669147,0.40935598,0.41558278,0.42412544,0.43591147,0.45111539,0.47107842,0.49388809,0.52081317,0.55294174
776.00000000,0.39100794,0.21099646,0.18001148,0.61868072,0.58369741,0.55127463,0.52253921,0.49856108,0.47899484,0.46620941,0.46571409,0.56867492,0.43815248,0.41299128,0.39936021,0.39100794,0.38593314,0.38354999,0.38397918,0.38649854,0.39238071,0.40044762,0.41157577,0.42592849,0.44477336,0.46630324,0.49171681,0.52203964
777.00000000,0.36879507,0.20582829,0.16296678,0.58340037,0.55042149,0.51985608,0.49276712,0.47016259,0.45171590,0.43965889,0.43917947,0.53613361,0.41320451,0.38950263,0.37666184,0.36879507,0.36401696,0.36177573,0.36218607,0.36456587,0.37011712,0.37772744,0.38822428,0.40176040,0.41953259,0.43983490,0.46379869,0.49238969
778.00000000,0.34759755,0.20075443,0.14684312,0.54973952,0.51867245,0.48987864,0.46436008,0.44306571,0.42568690,0.41432478,0.41386086,0.50508849,0.38939908,0.36708866,0.35500142,0.34759755,0.34310228,0.34099627,0.34138849,0.34363508,0.34887054,0.35604522,0.36593979,0.37869690,0.39544581,0.41457714,0.43715803,0.46409712
779.00000000,0.32707422,0.19564603,0.13142819,0.51717629,0.48795633,0.46087414,0.43687281,0.41684425,0.40049725,0.38980673,0.38935853,0.47506009,0.36635822,0.34539107,0.33403130,0.32707422,0.32285185,0.32087616,0.32125051,0.32336809,0.32829807,0.33505151,0.34436377,0.35636787,0.37212768,0.39012725,0.41137158,0.43671425
780.00000000,0.30726919,0.19032688,0.11694230,0.48574638,0.45831020,0.43288099,0.41034486,0.39153875,0.37618833,0.36614680,0.36571503,0.44609070,0.34412534,0.32445366,0.31379548,0.30726919,0.30330977,0.30145939,0.30181592,0.30380843,0.30844281,0.31478888,0.32353819,0.33481452,0.34961843,0.36652445,0.38647743,0.41027787
781.00000000,0.28789288,0.18471683,0.10317605,0.45502309,0.42932830,0.40551282,0.38440709,0.36679439,0.35241700,0.34300934,0.34259454,0.41777884,0.32238140,0.30397308,0.29399914,0.28789288,0.28418972,0.28246128,0.28279998,0.28467004,0.28901537,0.29496335,0.30316259,0.31372801,0.32759820,0.34343620,0.36212802,0.38442245
782.00000000,0.26974074,0.17939597,0.09034477,0.42623402,0.40217195,0.37986952,0.36010491,0.34361116,0.33014620,0.32133321,0.32093537,0.39126133,0.30201224,0.28478695,0.27545377,0.26974074,0.26627735,0.26466279,0.26498429,0.26673914,0.27081295,0.27638720,0.28407019,0.29396859,0.30696275,0.32179888,0.33930773,0.36018968
783.00000000,0.25290730,0.17465849,0.07824881,0.39955337,0.37700283,0.35610115,0.33757813,0.32212030,0.30950005,0.30123763,0.30085562,0.36668497,0.28312669,0.26699643,0.25825635,0.25290730,0.24966582,0.24815662,0.24846215,0.25011028,0.25393266,0.25916086,0.26636584,0.27564666,0.28782973,0.30173828,0.31815188,0.33772611
784.00000000,0.23723604,0.17014534,0.06709070,0.37472071,0.35357668,0.33397844,0.31661072,0.30211683,0.29028270,0.28253288,0.28216645,0.34381892,0.26554821,0.25043570,0.24224688,0.23723604,0.23420066,0.23278914,0.23307940,0.23462791,0.23821592,0.24312174,0.24988150,0.25858726,0.27001512,0.28306014,0.29845417,0.31681119
785.00000000,0.22265245,0.16596995,0.05668251,0.35161592,0.33178025,0.31339451,0.29710149,0.28350429,0.27240150,0.26512868,0.26477726,0.32254882,0.24919191,0.23502538,0.22734897,0.22265245,0.21980853,0.21848765,0.21876347,0.22021911,0.22358884,0.22819454,0.23453988,0.24271047,0.25343552,0.26567701,0.28012235,0.29734684
786.00000000,0.20899805,0.16197140,0.04702665,0.32999777,0.31138495,0.29413248,0.27884392,0.26608481,0.25566560,0.24883871,0.24850161,0.30264850,0.23388147,0.22059868,0.21340095,0.20899805,0.20633293,0.20509663,0.20535883,0.20672754,0.20989312,0.21421816,0.22017602,0.22784626,0.23791426,0.24940458,0.26296307,0.27912891
787.00000000,0.19663653,0.15810619,0.03853034,0.31041995,0.29291543,0.27669008,0.26231187,0.25031236,0.24051277,0.23409028,0.23376694,0.28463523,0.22002111,0.20753819,0.20077374,0.19663653,0.19413310,0.19297313,0.19322262,0.19451227,0.19749243,0.20156277,0.20716905,0.21438547,0.22385752,0.23466666,0.24742097,0.26262697
788.00000000,0.18487132,0.15427063,0.03060068,0.29179163,0.27534133,0.26009301,0.24658074,0.23530379,0.22609368,0.22005607,0.21974643,0.26750155,0.20683190,0.19510894,0.18875616,0.18487132,0.18252140,0.18143377,0.18167088,0.18288507,0.18568857,0.18951636,0.19478791,0.20157236,0.21047721,0.22063813,0.23262721,0.24691996
789.00000000,0.17398801,0.15034763,0.02364039,0.27456430,0.25908871,0.24474374,0.23203209,0.22142320,0.21275820,0.20707670,0.20678050,0.25166384,0.19463409,0.18361267,0.17763995,0.17398801,0.17177965,0.17075858,0.17098390,0.17212803,0.17476781,0.17837099,0.18333265,0.18971737,0.19809735,0.20765855,0.21893971,0.23238771
790.00000000,0.16370976,0.14604975,0.01766001,0.25829772,0.24374226,0.23025006,0.21829421,0.20831599,0.20016561,0.19482037,0.19453714,0.23671191,0.18311569,0.17275614,0.16714199,0.16370976,0.16163490,0.16067654,0.16089059,0.16196848,0.16445358,0.16784462,0.17251361,0.17852085,0.18640520,0.19540016,0.20601292,0.21866340
791.00000000,0.15402627,0.14156439,0.01246188,0.24297698,0.22928789,0.21659867,0.20535445,0.19597007,0.18830432,0.18327592,0.18300557,0.22263577,0.17226632,0.16252903,0.15725199,0.15402627,0.15207681,0.15117719,0.15138034,0.15239560,0.15473472,0.15792571,0.16231881,0.16797031,0.17538763,0.18384909,0.19383218,0.20573144
792.00000000,0.14541232,0.13715899,0.00825334,0.22934937,0.21643087,0.20445585,0.19384460,0.18498841,0.17775375,0.17300722,0.17274854,0.21011727,0.16261595,0.15343182,0.14845449,0.14541232,0.14357428,0.14272684,0.14292019,0.14387966,0.14608885,0.14910180,0.15324940,0.15858441,0.16558619,0.17357305,0.18299596,0.19422696
793.00000000,0.13802179,0.13318415,0.00483765,0.21765793,0.20540057,0.19403834,0.18397016,0.17556714,0.16870238,0.16419782,0.16394951,0.19938112,0.15433720,0.14562715,0.14090667,0.13802179,0.13627918,0.13547634,0.13566110,0.13657258,0.13867010,0.14153014,0.14546690,0.15053019,0.15717524,0.16475470,0.17369679,0.18435424
794.00000000,0.13172742,0.12950728,0.00222014,0.20769317,0.19600008,0.18516085,0.17555616,0.16753993,0.16099090,0.15669292,0.15645366,0.19023368,0.14728528,0.13897957,0.13447817,0.13172742,0.13006616,0.12930130,0.12947866,0.13034908,0.13235121,0.13508066,0.13883740,0.14366869,0.15000919,0.15724088,0.16577252,0.17594042
795.00000000,0.12558584,0.12558584,0.00000000,0.19798086,0.18683684,0.17650654,0.16735285,0.15971300,0.15347125,0.14937442,0.14914440,0.18132104,0.14040773,0.13249486,0.12820632,0.12558584,0.12400354,0.12327545,0.12344540,0.12427572,0.12618481,0.12878699,0.13236833,0.13697368,0.14301758,0.14991065,0.15804269,0.16773403
796.00000000,0.12184935,0.12184935,0.00000000,0.19206353,0.18125475,0.17123516,0.16235684,0.15494678,0.14889259,0.14491845,0.14469368,0.17588802,0.13622083,0.12854836,0.12439006,0.12184935,0.12031543,0.11960996,0.11977557,0.12058155,0.12243403,0.12495868,0.12843313,0.13290071,0.13876374,0.14545026,0.15333851,0.16273906
797.00000000,0.11876106,0.11876106,0.00000000,0.18717159,0.17664015,0.16687761,0.15822710,0.15100714,0.14510815,0.14123561,0.14101546,0.17139955,0.13276069,0.12528670,0.12123595,0.11876106,0.11726704,0.11658017,0.11674205,0.11752779,0.11933329,0.12179367,0.12517955,0.12953302,0.13524625,0.14176174,0.14944816,0.15860798
798.00000000,0.11659388,0.11659388,0.00000000,0.18373373,0.17339767,0.16381623,0.15532620,0.14824017,0.14245052,0.13864955,0.13843265,0.16824590,0.13033152,0.12299737,0.11902239,0.11659388,0.11512797,0.11445420,0.11461346,0.11538494,0.11715736,0.11957246,0.12289595,0.12716904,0.13277675,0.13917177,0.14671602,0.15570628
799.00000000,0.11340052,0.11340052,0.00000000,0.17868757,0.16863664,0.15931949,0.15106366,0.14417309,0.13854309,0.13484683,0.13463550,0.16362277,0.12675809,0.11962684,0.11576181,0.11340052,0.11197525,0.11132024,0.11147530,0.11222566,0.11394938,0.11629805,0.11953006,0.12368547,0.12913871,0.13535752,0.14269385,0.15143629
800.00000000,0.11024954,0.11024954,0.00000000,0.17370492,0.16393596,0.15488021,0.14685600,0.14015875,0.13468671,0.13109414,0.13088873,0.15906268,0.12323233,0.11630116,0.11254458,0.11024954,0.10886426,0.10822763,0.10837834,0.10910766,0.11078303,0.11306581,0.11620716,0.12024599,0.12554625,0.13159060,0.13872113,0.14721832
801.00000000,0.10712890,0.10712890,0.00000000,0.16877756,0.15928680,0.15048893,0.14269323,0.13618670,0.13087050,0.12738030,0.12718092,0.15455404,0.11974244,0.11300841,0.10935868,0.10712890,0.10578299,0.10516442,0.10531075,0.10601924,0.10764681,0.10986452,0.11291632,0.11684006,0.12198930,0.12786145,0.13478884,0.14304399
802.00000000,0.10400157,0.10400157,0.00000000,0.16384083,0.15462870,0.14608914,0.13852231,0.13220681,0.12704673,0.12365909,0.12346585,0.15003783,0.11624559,0.10970885,0.10616605,0.10400157,0.10269503,0.10209450,0.10223641,0.10292398,0.10450362,0.10665609,0.10961814,0.11342655,0.11842444,0.12412405,0.13084791,0.13886055
803.00000000,0.10098566,0.10098566,0.00000000,0.15907951,0.15013612,0.14184568,0.13449959,0.12836833,0.12335879,0.12007002,0.11988255,0.14568046,0.11287284,0.10652661,0.10308706,0.10098566,0.09971718,0.09913411,0.09927182,0.09993928,0.10147279,0.10356240,0.10643799,0.11013524,0.11498727,0.12052056,0.12704821,0.13482707
804.00000000,0.09796506,0.09796506,0.00000000,0.15431176,0.14563740,0.13759635,0.13047124,0.12452441,0.11966559,0.11647582,0.11629418,0.14131782,0.10949521,0.10333960,0.10000337,0.09796506,0.09673464,0.09616902,0.09630250,0.09694980,0.09843708,0.10046375,0.10325273,0.10683867,0.11154462,0.11691135,0.12324254,0.13078730
805.00000000,0.09504860,0.09504860,0.00000000,0.14970861,0.14129395,0.13349365,0.12658187,0.12081310,0.11609978,0.11300557,0.11282957,0.13710562,0.10623405,0.10026246,0.09702598,0.09504860,0.09385492,0.09330616,0.09343555,0.09406341,0.09550606,0.09747196,0.10017735,0.10365584,0.10822080,0.11342676,0.11956831,0.12688711
806.00000000,0.09213143,0.09213143,0.00000000,0.14510491,0.13694994,0.12939037,0.12269189,0.11710116,0.11253332,0.10953466,0.10936427,0.13289274,0.10297219,0.09718463,0.09404789,0.09213143,0.09097451,0.09044260,0.09056791,0.09117632,0.09257437,0.09447952,0.09710132,0.10047239,0.10489636,0.10994159,0.11589351,0.12298638
807.00000000,0.08926586,0.08926586,0.00000000,0.14058305,0.13268310,0.12535995,0.11887094,0.11345505,0.10903008,0.10612526,0.10596038,0.12875460,0.09976809,0.09416127,0.09112249,0.08926586,0.08814503,0.08762968,0.08775100,0.08834031,0.08969455,0.09154004,0.09407977,0.09734533,0.10163087,0.10651823,0.11228395,0.11915493
808.00000000,0.08645496,0.08645496,0.00000000,0.13614755,0.12849773,0.12140644,0.11512289,0.10987847,0.10559362,0.10278081,0.10262126,0.12469472,0.09662496,0.09119551,0.08825286,0.08645496,0.08536957,0.08487049,0.08498791,0.08555853,0.08686983,0.08865685,0.09111611,0.09427823,0.09842802,0.10316060,0.10874371,0.11539711
809.00000000,0.08369108,0.08369108,0.00000000,0.13178708,0.12438309,0.11751970,0.11143808,0.10636221,0.10221508,0.09949273,0.09933851,0.12070432,0.09353479,0.08827954,0.08543132,0.08369108,0.08264048,0.08215735,0.08227091,0.08282311,0.08409218,0.08582168,0.08820181,0.09126222,0.09527854,0.09985894,0.10526254,0.11170204
810.00000000,0.08098039,0.08098039,0.00000000,0.12751074,0.12034782,0.11370789,0.10782428,0.10291368,0.09890160,0.09626794,0.09611890,0.11679048,0.09050405,0.08541967,0.08266406,0.08098039,0.07996391,0.07949645,0.07960623,0.08014039,0.08136807,0.08304118,0.08534374,0.08830444,0.09218990,0.09662110,0.10184869,0.10807848
811.00000000,0.07826906,0.07826906,0.00000000,0.12323394,0.11631205,0.10989556,0.10420994,0.09946458,0.09558753,0.09304254,0.09289868,0.11287602,0.08747268,0.08255917,0.07989616,0.07826906,0.07728672,0.07683491,0.07694093,0.07745706,0.07864334,0.08026009,0.08248509,0.08534609,0.08910072,0.09338274,0.09843435,0.10445444
812.00000000,0.07566468,0.07566468,0.00000000,0.11912251,0.11243268,0.10623132,0.10073632,0.09615006,0.09240303,0.08994345,0.08980468,0.10911447,0.08456043,0.07981129,0.07723738,0.07566468,0.07471515,0.07427839,0.07438073,0.07487946,0.07602585,0.07758828,0.07973855,0.08250352,0.08613213,0.09027047,0.09515260,0.10097076
813.00000000,0.07305950,0.07305950,0.00000000,0.11501056,0.10855275,0.10256647,0.09726204,0.09283486,0.08921781,0.08684362,0.08670991,0.10535214,0.08164740,0.07706261,0.07457778,0.07305950,0.07214278,0.07172105,0.07181974,0.07230107,0.07340758,0.07491571,0.07699129,0.07966025,0.08316288,0.08715758,0.09187027,0.09748655
814.00000000,0.07050585,0.07050585,0.00000000,0.11098048,0.10475001,0.09897448,0.09385679,0.08958547,0.08609578,0.08380526,0.08367650,0.10166451,0.07879207,0.07436835,0.07197082,0.07050585,0.06962129,0.06921431,0.06930940,0.06977370,0.07084114,0.07229607,0.07429846,0.07687336,0.08025255,0.08410652,0.08865319,0.09407166
815.00000000,0.06800376,0.06800376,0.00000000,0.10703228,0.10102448,0.09545537,0.09052059,0.08640192,0.08303698,0.08082840,0.08070447,0.09805162,0.07599447,0.07172852,0.06941650,0.06800376,0.06715070,0.06675817,0.06684976,0.06729738,0.06832655,0.06972939,0.07166010,0.07414287,0.07740117,0.08111729,0.08550136,0.09072609
816.00000000,0.06555210,0.06555210,0.00000000,0.10316429,0.09737457,0.09200763,0.08725199,0.08328284,0.08004009,0.07791176,0.07779258,0.09451214,0.07325341,0.06914197,0.06691369,0.06555210,0.06472989,0.06435150,0.06443965,0.06487093,0.06586263,0.06721443,0.06907493,0.07146746,0.07460734,0.07818845,0.08241326,0.08744823
817.00000000,0.06315102,0.06315102,0.00000000,0.09937669,0.09380048,0.08863146,0.08405118,0.08022840,0.07710526,0.07505551,0.07494099,0.09104626,0.07056905,0.06660885,0.06446255,0.06315102,0.06235901,0.06199446,0.06207924,0.06249451,0.06344951,0.06475135,0.06654311,0.06884730,0.07187126,0.07532019,0.07938909,0.08423828
818.00000000,0.06075045,0.06075045,0.00000000,0.09559046,0.09022760,0.08525637,0.08085134,0.07717484,0.07417122,0.07219998,0.07209007,0.08758110,0.06788527,0.06407627,0.06201192,0.06075045,0.05998863,0.05963793,0.05971937,0.06011866,0.06103701,0.06228893,0.06401202,0.06622795,0.06913608,0.07245295,0.07636605,0.08102961
819.00000000,0.05845830,0.05845830,0.00000000,0.09197259,0.08681387,0.08203187,0.07779452,0.07425797,0.07136872,0.06947260,0.06936713,0.08427073,0.06532224,0.06165786,0.05967190,0.05845830,0.05772536,0.05738790,0.05746612,0.05785011,0.05873338,0.05993753,0.06159491,0.06372637,0.06652366,0.06971415,0.07347818,0.07796413
820.00000000,0.05616104,0.05616104,0.00000000,0.08835035,0.08339564,0.07880275,0.07473297,0.07133628,0.06856132,0.06674025,0.06663917,0.08095523,0.06275411,0.05923435,0.05732677,0.05616104,0.05545698,0.05513278,0.05520780,0.05557653,0.05642477,0.05758121,0.05917293,0.06122001,0.06390656,0.06697079,0.07058587,0.07489433
821.00000000,0.05396414,0.05396414,0.00000000,0.08488700,0.08012730,0.07571519,0.07180560,0.06854261,0.06587691,0.06412761,0.06403079,0.07778582,0.06029848,0.05691685,0.05508414,0.05396414,0.05328766,0.05297609,0.05304803,0.05340214,0.05421685,0.05532765,0.05685659,0.05882296,0.06140362,0.06434711,0.06781976,0.07195854
822.00000000,0.05176987,0.05176987,0.00000000,0.08142588,0.07686126,0.07263000,0.06888065,0.06575141,0.06319501,0.06151752,0.06142500,0.07461905,0.05784547,0.05460198,0.05284414,0.05176987,0.05112096,0.05082202,0.05089087,0.05123034,0.05201150,0.05307663,0.05454274,0.05642837,0.05890307,0.06172578,0.06505594,0.06902495
823.00000000,0.04962730,0.04962730,0.00000000,0.07804903,0.07367445,0.06961935,0.06602610,0.06302714,0.06057719,0.05896961,0.05888115,0.07152768,0.05545052,0.05234177,0.05065697,0.04962730,0.04900531,0.04871873,0.04878462,0.04910988,0.04985842,0.05087911,0.05228408,0.05409112,0.05646268,0.05916777,0.06235920,0.06616288
824.00000000,0.04753848,0.04753848,0.00000000,0.07475509,0.07056606,0.06668299,0.06324215,0.06037041,0.05802441,0.05648511,0.05640067,0.06851303,0.05311540,0.05013815,0.04852462,0.04753848,0.04694275,0.04666822,0.04673118,0.04704255,0.04775921,0.04873649,0.05008173,0.05181200,0.05408282,0.05667305,0.05972898,0.06337122
825.00000000,0.04544164,0.04544164,0.00000000,0.07145196,0.06744868,0.06373780,0.06044953,0.05770514,0.05546321,0.05399227,0.05391187,0.06548978,0.05077210,0.04792643,0.04638422,0.04544164,0.04487218,0.04460969,0.04466973,0.04496716,0.04565190,0.04658571,0.04787115,0.04952456,0.05169452,0.05416975,0.05709003,0.06057063
826.00000000,0.04344582,0.04344582,0.00000000,0.06830856,0.06448201,0.06093496,0.05779186,0.05516862,0.05302571,0.05161983,0.05154336,0.06261336,0.04854197,0.04582140,0.04434700,0.04344582,0.04290133,0.04265026,0.04270748,0.04299164,0.04364597,0.04453839,0.04576689,0.04734715,0.04942110,0.05178689,0.05457807,0.05790487
827.00000000,0.04145696,0.04145696,0.00000000,0.06517596,0.06152550,0.05814168,0.05514322,0.05264071,0.05059643,0.04925532,0.04918259,0.05974505,0.04631919,0.04372351,0.04231679,0.04145696,0.04093742,0.04069781,0.04075229,0.04102330,0.04164741,0.04249867,0.04367053,0.04517797,0.04715637,0.04941319,0.05207582,0.05524944
828.00000000,0.03956976,0.03956976,0.00000000,0.06220398,0.05872055,0.05549156,0.05263029,0.05024229,0.04829159,0.04701192,0.04694279,0.05702428,0.04421025,0.04173295,0.04039039,0.03956976,0.03907386,0.03884510,0.03889697,0.03915547,0.03975089,0.04056308,0.04168119,0.04311952,0.04500725,0.04716068,0.04970134,0.05272963
829.00000000,0.03767395,0.03767395,0.00000000,0.05922139,0.05590531,0.05283146,0.05010766,0.04783439,0.04597745,0.04475938,0.04469392,0.05429411,0.04209245,0.03973367,0.03845535,0.03767395,0.03720171,0.03698379,0.03703300,0.03727895,0.03784559,0.03861860,0.03968281,0.04105189,0.04284872,0.04489853,0.04731696,0.05019961
830.00000000,0.03583775,0.03583775,0.00000000,0.05633213,0.05317817,0.05025460,0.04766397,0.04550184,0.04373571,0.04257726,0.04251520,0.05164781,0.04004079,0.03779704,0.03658107,0.03583775,0.03538850,0.03518114,0.03522786,0.03546170,0.03600054,0.03673567,0.03774776,0.03904981,0.04075868,0.04270818,0.04500828,0.04774992
831.00000000,0.03405478,0.03405478,0.00000000,0.05352677,0.05053020,0.04775253,0.04529117,0.04323694,0.04155897,0.04045839,0.04039961,0.04907805,0.03804857,0.03591653,0.03476110,0.03405478,0.03362786,0.03343077,0.03347507,0.03369718,0.03420904,0.03490740,0.03586889,0.03710588,0.03872939,0.04058152,0.04276675,0.04537150
832.00000000,0.03231855,0.03231855,0.00000000,0.05079711,0.04795348,0.04531759,0.04298185,0.04103248,0.03944017,0.03839584,0.03834029,0.04657770,0.03610911,0.03408557,0.03298895,0.03231855,0.03191332,0.03172619,0.03176813,0.03197881,0.03246444,0.03312706,0.03403937,0.03521312,0.03675364,0.03851113,0.04058472,0.04305643
833.00000000,0.03063602,0.03063602,0.00000000,0.04815186,0.04545644,0.04295793,0.04074393,0.03889616,0.03738686,0.03639703,0.03634457,0.04415438,0.03422956,0.03231120,0.03127158,0.03063602,0.03025181,0.03007435,0.03011401,0.03031364,0.03077386,0.03140185,0.03226651,0.03337900,0.03483912,0.03650492,0.03847034,0.04081314
834.00000000,0.02895928,0.02895928,0.00000000,0.04551532,0.04296762,0.04060604,0.03851338,0.03676688,0.03534031,0.03440475,0.03435525,0.04173776,0.03235610,0.03054276,0.02956006,0.02895928,0.02859609,0.02842832,0.02846577,0.02865443,0.02908939,0.02968293,0.03050016,0.03155164,0.03293169,0.03450616,0.03636382,0.03857819
835.00000000,0.02738787,0.02738787,0.00000000,0.04304439,0.04063513,0.03840188,0.03642293,0.03477133,0.03342229,0.03253759,0.03249085,0.03947279,0.03060030,0.02888539,0.02795604,0.02738787,0.02704438,0.02688570,0.02692108,0.02709946,0.02751075,0.02807201,0.02884480,0.02983911,0.03114413,0.03263302,0.03438970,0.03648372
836.00000000,0.02581422,0.02581422,0.00000000,0.04057031,0.03829964,0.03619486,0.03432975,0.03277316,0.03150174,0.03066797,0.03062403,0.03720529,0.02884216,0.02722575,0.02634977,0.02581422,0.02549044,0.02534084,0.02537414,0.02554221,0.02592979,0.02645871,0.02718699,0.02812406,0.02935394,0.03075713,0.03241271,0.03438622
837.00000000,0.02429403,0.02429403,0.00000000,0.03818130,0.03604433,0.03406349,0.03230820,0.03084327,0.02964672,0.02886206,0.02882074,0.03501478,0.02714377,0.02562249,0.02479807,0.02429403,0.02398930,0.02384849,0.02387981,0.02403797,0.02440271,0.02490047,0.02558585,0.02646772,0.02762517,0.02894571,0.03050379,0.03236108
838.00000000,0.02282849,0.02282849,0.00000000,0.03587699,0.03386910,0.03200791,0.03035865,0.02898221,0.02785794,0.02712068,0.02708190,0.03290215,0.02550620,0.02407676,0.02330210,0.02282849,0.02254215,0.02240983,0.02243924,0.02258783,0.02293052,0.02339820,0.02404215,0.02487074,0.02595825,0.02719901,0.02866296,0.03040805
839.00000000,0.02141374,0.02141374,0.00000000,0.03365277,0.03176947,0.03002375,0.02847682,0.02718578,0.02613127,0.02543979,0.02540348,0.03086320,0.02392551,0.02258465,0.02185801,0.02141374,0.02114513,0.02102100,0.02104855,0.02118790,0.02150929,0.02194792,0.02255189,0.02332903,0.02434903,0.02551278,0.02688586,0.02852264
840.00000000,0.02005220,0.02005220,0.00000000,0.03151220,0.02974878,0.02811420,0.02666574,0.02545689,0.02446952,0.02382206,0.02378812,0.02890071,0.02240420,0.02114863,0.02046821,0.02005220,0.01980066,0.01968440,0.01971018,0.01984064,0.02014155,0.02055223,0.02111773,0.02184538,0.02280042,0.02389006,0.02517571,0.02670828
841.00000000,0.01869134,0.01869134,0.00000000,0.02937278,0.02772917,0.02620565,0.02485560,0.02372888,0.02280860,0.02220515,0.02217354,0.02693905,0.02088363,0.01971332,0.01907911,0.01869134,0.01845688,0.01834851,0.01837252,0.01849410,0.01877455,0.01915732,0.01968438,0.02036257,0.02125271,0.02226830,0.02346658,0.02489501
842.00000000,0.01743582,0.01743582,0.00000000,0.02739818,0.02586523,0.02444429,0.02318514,0.02213429,0.02127597,0.02071317,0.02068375,0.02512887,0.01948065,0.01838906,0.01779751,0.01743582,0.01721712,0.01711602,0.01713839,0.01725176,0.01751330,0.01787027,0.01836182,0.01899433,0.01982450,0.02077169,0.02188927,0.02322150
843.00000000,0.01617896,0.01617896,0.00000000,0.02542251,0.02400018,0.02268177,0.02151348,0.02053846,0.01974208,0.01921991,0.01919264,0.02331736,0.01807634,0.01706346,0.01651457,0.01617896,0.01597602,0.01588220,0.01590293,0.01600811,0.01625076,0.01658195,0.01703801,0.01762486,0.01839510,0.01927392,0.02031084,0.02154692
844.00000000,0.01497585,0.01497585,0.00000000,0.02353064,0.02221431,0.02099415,0.01991292,0.01901056,0.01827353,0.01779028,0.01776510,0.02158279,0.01673196,0.01579450,0.01528648,0.01497585,0.01478802,0.01470117,0.01472034,0.01481767,0.01504221,0.01534871,0.01577076,0.01631386,0.01702668,0.01783999,0.01879961,0.01994357
845.00000000,0.01387730,0.01387730,0.00000000,0.02180326,0.02058370,0.01945324,0.01845150,0.01761547,0.01693263,0.01648492,0.01646162,0.01999900,0.01550441,0.01463581,0.01416511,0.01387730,0.01370325,0.01362277,0.01364052,0.01373067,0.01393869,0.01422264,0.01461364,0.01511680,0.01577720,0.01653070,0.01741976,0.01847961
846.00000000,0.01277812,0.01277812,0.00000000,0.02007516,0.01895238,0.01791163,0.01698939,0.01621971,0.01559107,0.01517890,0.01515750,0.01841453,0.01427623,0.01347650,0.01304312,0.01277812,0.01261787,0.01254376,0.01256007,0.01264306,0.01283455,0.01309594,0.01345589,0.01391910,0.01452706,0.01522075,0.01603923,0.01701494
847.00000000,0.01167947,0.01167947,0.00000000,0.01834801,0.01732195,0.01637085,0.01552805,0.01482466,0.01425018,0.01387352,0.01385399,0.01683072,0.01304861,0.01231773,0.01192166,0.01167947,0.01153301,0.01146527,0.01148017,0.01155599,0.01173097,0.01196984,0.01229877,0.01272207,0.01327765,0.01391157,0.01465953,0.01555119
848.00000000,0.01068620,0.01068620,0.00000000,0.01678608,0.01584751,0.01497753,0.01420661,0.01356321,0.01303772,0.01269320,0.01267537,0.01539850,0.01193866,0.01127006,0.01090775,0.01068620,0.01055221,0.01049023,0.01050385,0.01057319,0.01073324,0.01095172,0.01125258,0.01163976,0.01214795,0.01272779,0.01341195,0.01422756
849.00000000,0.00974353,0.00974353,0.00000000,0.01530447,0.01444884,0.01365574,0.01295293,0.01236639,0.01188734,0.01157328,0.01155706,0.01403989,0.01088542,0.01027586,0.00994553,0.00974353,0.00962137,0.00956485,0.00957724,0.00964045,0.00978633,0.00998549,0.01025975,0.01061270,0.01107596,0.01160455,0.01222824,0.01297176
850.00000000,0.00880209,0.00880209,0.00000000,0.01382445,0.01305170,0.01233541,0.01170068,0.01117096,0.01073831,0.01045468,0.01044005,0.01268263,0.00983346,0.00928289,0.00898454,0.00880209,0.00869175,0.00864070,0.00865187,0.00870895,0.00884069,0.00902054,0.00926822,0.00958698,0.01000535,0.01048273,0.01104600,0.01171749
